,law_title,law_number,sentence,entity,relation,tiao_relation
0,中华人民共和国招标投标法,第一条,为了规范招标投标活动，保护国家利益、社会公共利益和招标投标活动当事人的合法权益，提高经济效益，保证项目质量，制定本法。,中华人民共和国招标投标法,制定本法的目的,nan
1,中华人民共和国招标投标法,第二条,在中华人民共和国境内进行招标投标活动，适用本法。,中华人民共和国招标投标法,适用范围,nan
2,中华人民共和国招标投标法,第三条,在中华人民共和国境内进行下列工程建设项目包括项目的勘察、设计、施工、监理以及与工程建设有关的重要设备、材料等的采购，必须进行招标：,工程建设项目,招标范围及规定,nan
3,中华人民共和国招标投标法,第四条,任何单位和个人不得将依法必须进行招标的项目化整为零或者以其他任何方式规避招标。,招标行为,规避招标行为,nan
4,中华人民共和国招标投标法,第五条,招标投标活动应当遵循公开、公平、公正和诚实信用的原则。,招标投标活动,招标投标活动原则,nan
5,中华人民共和国招标投标法,第六条,依法必须进行招标的项目，其招标投标活动不受地区或者部门的限制。任何单位和个人不得违法限制或者排斥本地区、本系统以外的法人或者其他组织参加投标，不得以任何方式非法干涉招标投标活动。,招标投标活动,限制与干涉规定,nan
6,中华人民共和国招标投标法,第七条,招标投标活动及其当事人应当接受依法实施的监督。,招标投标活动,监督规定,nan
7,中华人民共和国招标投标法,第八条,招标人是依照本法规定提出招标项目、进行招标的法人或者其他组织。,招标人,进行招标的法人或其他组织（具备资格的）,nan
8,中华人民共和国招标投标法,第九条,招标项目按照国家有关规定需要履行项目审批手续的，应当先履行审批手续，取得批准。,招标项目,资金要求,nan
9,中华人民共和国招标投标法,第十条,招标分为公开招标和邀请招标。,招标投标法,招标方式,nan
10,中华人民共和国招标投标法,第十一条,国务院发展计划部门确定的国家重点项目和省、自治区、直辖市人民政府确定的地方重点项目不适宜公开招标的，经国务院发展计划部门或者省、自治区、直辖市人民政府批准，可以进行邀请招标。,国家及地方重点项目,招标方式的特殊规定,nan
11,中华人民共和国招标投标法,第十二条,招标人有权自行选择招标代理机构，委托其办理招标事宜。任何单位和个人不得以任何方式为招标人指定招标代理机构。,招标人,招标代理机构,nan
12,中华人民共和国招标投标法,第十三条,招标代理机构是依法设立、从事招标代理业务并提供相关服务的社会中介组织。,招标代理机构,设立与条件（招标代理机构相关的设立条件等）,nan
13,中华人民共和国招标投标法,第十四条,招标代理机构与行政机关和其他国家机关不得存在隶属关系或者其他利益关系。,招标代理机构,行政机关及其他国家机关,nan
14,中华人民共和国招标投标法,第十五条,招标代理机构应当在招标人委托的范围内办理招标事宜，并遵守本法关于招标人的规定。,招标代理机构,职责及范围,nan
15,中华人民共和国招标投标法,第十六条,招标人采用公开招标方式的，应当发布招标公告。依法必须进行招标的项目的招标公告，应当通过国家指定的报刊、信息网络或者其他媒介发布。,公开招标,招标公告要求及内容,nan
16,中华人民共和国招标投标法,第十七条,招标人采用邀请招标方式的，应当向三个以上具备承担招标项目的能力、资信良好的特定的法人或者其他组织发出投标邀请书。,邀请招标,相关规定,nan
17,中华人民共和国招标投标法,第十八条,招标人可以根据招标项目本身的要求，在招标公告或者投标邀请书中，要求潜在投标人提供有关资质证明文件和业绩情况，并对潜在投标人进行资格审查；国家对投标人的资格条件有规定的，依照其规定。,潜在投标人,潜在投标人资格审查及限制规定,nan
18,中华人民共和国招标投标法,第十九条,招标人应当根据招标项目的特点和需要编制招标文件。招标文件应当包括招标项目的技术要求、对投标人资格审查的标准、投标报价要求和评标标准等所有实质性要求和条件以及拟签订合同的主要条款。,招标投标法,招标文件编制要求,nan
19,中华人民共和国招标投标法,第二十条,招标文件不得要求或者标明特定的生产供应者以及含有倾向或者排斥潜在投标人的其他内容。,招标文件,内容限制,nan
20,中华人民共和国招标投标法,第二十一条,招标人根据招标项目的具体情况，可以组织潜在投标人踏勘项目现场。,招标人,潜在投标人,nan
21,中华人民共和国招标投标法,第二十二条,招标人不得向他人透露已获取招标文件的潜在投标人的名称、数量以及可能影响公平竞争的有关招标投标的其他情况。,招标人,保密义务,nan
22,中华人民共和国招标投标法,第二十三条,招标人对已发出的招标文件进行必要的澄清或者修改的，应当在招标文件要求提交投标文件截止时间至少十五日前，以书面形式通知所有招标文件收受人。该澄清或者修改的内容为招标文件的组成部分。,招标人,招标文件,nan
23,中华人民共和国招标投标法,第二十四条,招标人应当确定投标人编制投标文件所需要的合理时间；但是，依法必须进行招标的项目，自招标文件开始发出之日起至投标人提交投标文件截止之日止，最短不得少于二十日。,招标,投标文件编制时间规定,nan
24,中华人民共和国招标投标法,第二十五条,投标人是响应招标、参加投标竞争的法人或者其他组织。,投标人,投标相关规定,nan
25,中华人民共和国招标投标法,第二十六条,投标人应当具备承担招标项目的能力；国家有关规定对投标人资格条件或者招标文件对投标人资格条件有规定的，投标人应当具备规定的资格条件。,投标人,资格条件,nan
26,中华人民共和国招标投标法,第二十七条,投标人应当按照招标文件的要求编制投标文件。投标文件应当对招标文件提出的实质性要求和条件作出响应。,投标文件,编制要求及内容,nan
27,中华人民共和国招标投标法,第二十八条,投标人应当在招标文件要求提交投标文件的截止时间前，将投标文件送达投标地点。招标人收到投标文件后，应当签收保存，不得开启。投标人少于三个的，招标人应当依照本法重新招标。,投标文件,投标文件提交与接收规定,nan
28,中华人民共和国招标投标法,第二十九条,投标人在招标文件要求提交投标文件的截止时间前，可以补充、修改或者撤回已提交的投标文件，并书面通知招标人。补充、修改的内容为投标文件的组成部分。,投标文件,补充、修改与撤回,nan
29,中华人民共和国招标投标法,第三十条,投标人根据招标文件载明的项目实际情况，拟在中标后将中标项目的部分非主体、非关键性工作进行分包的，应当在投标文件中载明。,中标项目,部分非主体、非关键性工作分包的投标文件载明规定,nan
30,中华人民共和国招标投标法,第三十一条,两个以上法人或者其他组织可以组成一个联合体，以一个投标人的身份共同投标。,招标投标法,联合体投标规定,nan
31,中华人民共和国招标投标法,第三十二条,投标人不得相互串通投标报价，不得排挤其他投标人的公平竞争，损害招标人或者其他投标人的合法权益。,招标投标法,投标规定及禁止行为,nan
32,中华人民共和国招标投标法,第三十三条,投标人不得以低于成本的报价竞标，也不得以他人名义投标或者以其他方式弄虚作假，骗取中标。,投标人,成本报价,nan
33,中华人民共和国招标投标法,第三十四条,开标应当在招标文件确定的提交投标文件截止时间的同一时间公开进行；开标地点应当为招标文件中预先确定的地点。,招标投标法,开标相关规定,nan
34,中华人民共和国招标投标法,第三十五条,开标由招标人主持，邀请所有投标人参加。,招标人,投标人,nan
35,中华人民共和国招标投标法,第三十六条,开标时，由投标人或者其推选的代表检查投标文件的密封情况，也可以由招标人委托的公证机构检查并公证；经确认无误后，由工作人员当众拆封，宣读投标人名称、投标价格和投标文件的其他主要内容。,招标投标法,开标流程规定,nan
36,中华人民共和国招标投标法,第三十七条,评标由招标人依法组建的评标委员会负责。,招标投标法,评标委员会,nan
37,中华人民共和国招标投标法,第三十八条,招标人应当采取必要的措施，保证评标在严格保密的情况下进行。,评标,非法干预评标,nan
38,中华人民共和国招标投标法,第三十九条,评标委员会可以要求投标人对投标文件中含义不明确的内容作必要的澄清或者说明，但是澄清或者说明不得超出投标文件的范围或者改变投标文件的实质性内容。,评标,投标文件澄清与说明要求,nan
39,中华人民共和国招标投标法,第四十条,评标委员会应当按照招标文件确定的评标标准和方法，对投标文件进行评审和比较；设有标底的，应当参考标底。评标委员会完成评标后，应当向招标人提出书面评标报告，并推荐合格的中标候选人。,招标投标法,开标、评标和中标规定,nan
40,中华人民共和国招标投标法,第四十一条,中标人的投标应当符合下列条件之一：,中标人,投标条件,nan
41,中华人民共和国招标投标法,第四十二条,评标委员会经评审，认为所有投标都不符合招标文件要求的，可以否决所有投标。,评标委员会,重新招标相关规定,nan
42,中华人民共和国招标投标法,第四十三条,在确定中标人前，招标人不得与投标人就投标价格、投标方案等实质性内容进行谈判。,招标人与投标人,招标人与中标人,nan
43,中华人民共和国招标投标法,第四十四条,评标委员会成员应当客观、公正地履行职务，遵守职业道德，对所提出的评审意见承担个人责任。,招标投标法,评标规定,nan
44,中华人民共和国招标投标法,第四十五条,中标人确定后，招标人应当向中标人发出中标通知书，并同时将中标结果通知所有未中标的投标人。,招标,中标,nan
45,中华人民共和国招标投标法,第四十六条,招标人和中标人应当自中标通知书发出之日起三十日内，按照招标文件和中标人的投标文件订立书面合同。招标人和中标人不得再行订立背离合同实质性内容的其他协议。,招标人,中标人,nan
46,中华人民共和国招标投标法,第四十七条,依法必须进行招标的项目，招标人应当自确定中标人之日起十五日内，向有关行政监督部门提交招标投标情况的书面报告。,招标项目,书面报告,nan
47,中华人民共和国招标投标法,第四十八条,中标人应当按照合同约定履行义务，完成中标项目。中标人不得向他人转让中标项目，也不得将中标项目肢解后分别向他人转让。,中标人,分包规定,nan
48,中华人民共和国招标投标法,第四十九条,违反本法规定，必须进行招标的项目而不招标的，将必须进行招标的项目化整为零或者以其他任何方式规避招标的，责令限期改正，可以处项目合同金额千分之五以上千分之十以下的罚款；对全部或者部分使用国有资金的项目，可以暂停项目执行或者暂停资金拨付；对单位直接负责的主管人员和其他直接责任人员依法给予处分。,必须招标项目,违规的法律责任,nan
49,中华人民共和国招标投标法,第五十条,招标代理机构违反本法规定，泄露应当保密的与招标投标活动有关的情况和资料的，或者与招标人、投标人串通损害国家利益、社会公共利益或者他人合法权益的，处五万元以上二十五万元以下的罚款；对单位直接负责的主管人员和其他直接责任人员处单位罚款数额百分之五以上百分之十以下的罚款；有违法所得的，并处没收违法所得；情节严重的，禁止其一年至二年内代理依法必须进行招标的项目并予以公告，直至由工商行政管理机关吊销营业执照；构成犯罪的，依法追究刑事责任。给他人造成损失的，依法承担赔偿责任。,招标代理机构,违法责任及处罚,nan
50,中华人民共和国招标投标法,第五十一条,招标人以不合理的条件限制或者排斥潜在投标人的，对潜在投标人实行歧视待遇的，强制要求投标人组成联合体共同投标的，或者限制投标人之间竞争的，责令改正，可以处一万元以上五万元以下的罚款。,招标人,潜在投标人,nan
51,中华人民共和国招标投标法,第五十二条,依法必须进行招标的项目的招标人向他人透露已获取招标文件的潜在投标人的名称、数量或者可能影响公平竞争的有关招标投标的其他情况的，或者泄露标底的，给予警告，可以并处一万元以上十万元以下的罚款；对单位直接负责的主管人员和其他直接责任人员依法给予处分；构成犯罪的，依法追究刑事责任。,招标项目招标人,法律责任,nan
52,中华人民共和国招标投标法,第五十三条,投标人相互串通投标或者与招标人串通投标的，投标人以向招标人或者评标委员会成员行贿的手段谋取中标的，中标无效，处中标项目金额千分之五以上千分之十以下的罚款，对单位直接负责的主管人员和其他直接责任人员处单位罚款数额百分之五以上百分之十以下的罚款；有违法所得的，并处没收违法所得；情节严重的，取消其一年至二年内参加依法必须进行招标的项目的投标资格并予以公告，直至由工商行政管理机关吊销营业执照；构成犯罪的，依法追究刑事责任。给他人造成损失的，依法承担赔偿责任。,投标人,法律责任,nan
53,中华人民共和国招标投标法,第五十四条,投标人以他人名义投标或者以其他方式弄虚作假，骗取中标的，中标无效，给招标人造成损失的，依法承担赔偿责任；构成犯罪的，依法追究刑事责任。,投标人,法律责任,nan
54,中华人民共和国招标投标法,第五十五条,依法必须进行招标的项目，招标人违反本法规定，与投标人就投标价格、投标方案等实质性内容进行谈判的，给予警告，对单位直接负责的主管人员和其他直接责任人员依法给予处分。,招标人,法律责任,nan
55,中华人民共和国招标投标法,第五十六条,评标委员会成员收受投标人的财物或者其他好处的，评标委员会成员或者参加评标的有关工作人员向他人透露对投标文件的评审和比较、中标候选人的推荐以及与评标有关的其他情况的，给予警告，没收收受的财物，可以并处三千元以上五万元以下的罚款，对有所列违法行为的评标委员会成员取消担任评标委员会成员的资格，不得再参加任何依法必须进行招标的项目的评标；构成犯罪的，依法追究刑事责任。,评标委员会成员,法律责任,nan
56,中华人民共和国招标投标法,第五十七条,招标人在评标委员会依法推荐的中标候选人以外确定中标人的，依法必须进行招标的项目在所有投标被评标委员会否决后自行确定中标人的，中标无效，责令改正，可以处中标项目金额千分之五以上千分之十以下的罚款；对单位直接负责的主管人员和其他直接责任人员依法给予处分。,招标人,中标人,nan
57,中华人民共和国招标投标法,第五十八条,中标人将中标项目转让给他人的，将中标项目肢解后分别转让给他人的，违反本法规定将中标项目的部分主体、关键性工作分包给他人的，或者分包人再次分包的，转让、分包无效，处转让、分包项目金额千分之五以上千分之十以下的罚款；有违法所得的，并处没收违法所得；可以责令停业整顿；情节严重的，由工商行政管理机关吊销营业执照。,中标项目,分包项目,nan
58,中华人民共和国招标投标法,第五十九条,招标人与中标人不按照招标文件和中标人的投标文件订立合同的，或者招标人、中标人订立背离合同实质性内容的协议的，责令改正；可以处中标项目金额千分之五以上千分之十以下的罚款。,招标方,中标方,nan
59,中华人民共和国招标投标法,第六十条,中标人不履行与招标人订立的合同的，履约保证金不予退还，给招标人造成的损失超过履约保证金数额的，还应当对超过部分予以赔偿；没有提交履约保证金的，应当对招标人的损失承担赔偿责任。,中标人,合同履行相关法律责任,nan
60,中华人民共和国招标投标法,第六十一条,本章规定的行政处罚，由国务院规定的有关行政监督部门决定。本法已对实施行政处罚的机关作出规定的除外。,招标投标法,行政处罚决定部门,nan
61,中华人民共和国招标投标法,第六十二条,任何单位违反本法规定，限制或者排斥本地区、本系统以外的法人或者其他组织参加投标的，为招标人指定招标代理机构的，强制招标人委托招标代理机构办理招标事宜的，或者以其他方式干涉招标投标活动的，责令改正；对单位直接负责的主管人员和其他直接责任人员依法给予警告、记过、记大过的处分，情节较重的，依法给予降级、撤职、开除的处分。,招标投标法,法律责任（限制排斥、干涉招投标活动相关）,nan
62,中华人民共和国招标投标法,第六十三条,对招标投标活动依法负有行政监督职责的国家机关工作人员徇私舞弊、滥用职权或者玩忽职守，构成犯罪的，依法追究刑事责任；不构成犯罪的，依法给予行政处分。,招标投标法,行政监督人员,nan
63,中华人民共和国招标投标法,第六十四条,依法必须进行招标的项目违反本法规定，中标无效的，应当依照本法规定的中标条件从其余投标人中重新确定中标人或者依照本法重新进行招标。,依法必招项目,中标无效的处理办法,nan
64,中华人民共和国招标投标法,第六十五条,投标人和其他利害关系人认为招标投标活动不符合本法有关规定的，有权向招标人提出异议或者依法向有关行政监督部门投诉。,招标投标活动,异议与投诉,nan
65,中华人民共和国招标投标法,第六十六条,涉及国家安全、国家秘密、抢险救灾或者属于利用扶贫资金实行以工代赈、需要使用农民工等特殊情况，不适宜进行招标的项目，按照国家有关规定可以不进行招标。,特殊情况可不进行招标的项目,规定,nan
66,中华人民共和国招标投标法,第六十七条,使用国际组织或者外国政府贷款、援助资金的项目进行招标，贷款方、资金提供方对招标投标的具体条件和程序有不同规定的，可以适用其规定，但违背中华人民共和国的社会公共利益的除外。,国际贷款援助项目,特殊规定,nan
67,中华人民共和国招标投标法,第六十八条,本法自2000年1月1日起施行。,招标投标法,施行时间,nan
68,中华人民共和国政府采购法,第一条,为了规范政府采购行为，提高政府采购资金的使用效益，维护国家利益和社会公共利益，保护政府采购当事人的合法权益，促进廉政建设，制定本法。,中华人民共和国政府采购法,制定本法的原因,nan
69,中华人民共和国政府采购法,第二条,在中华人民共和国境内进行的政府采购适用本法。本法所称政府采购，是指各级国家机关、事业单位和团体组织，使用财政性资金采购依法制定的集中采购目录以内的或者采购限额标准以上的货物、工程和服务的行为。政府集中采购目录和采购限额标准依照本法规定的权限制定。本法所称采购，是指以合同方式有偿取得货物、工程和服务的行为，包括购买、租赁、委托、雇用等。本法所称货物，是指各种形态和种类的物品，包括原材料、燃料、设备、产品等。本法所称工程，是指建设工程，包括建筑物和构筑物的新建、改建、扩建、装修、拆除、修缮等。本法所称服务，是指除货物和工程以外的其他政府采购对象。,政府采购,政府采购的范围,nan
70,中华人民共和国政府采购法,第三条,政府采购应当遵循公开透明原则、公平竞争原则、公正原则和诚实信用原则。,政府采购,基本原则,nan
71,中华人民共和国政府采购法,第四条,政府采购工程进行招标投标的，适用招标投标法。,政府采购工程,招标投标法律适用,nan
72,中华人民共和国政府采购法,第五条,任何单位和个人不得采用任何方式，阻挠和限制供应商自由进入本地区和本行业的政府采购市场。,供应商,政府采购市场,nan
73,中华人民共和国政府采购法,第六条,政府采购应当严格按照批准的预算执行。,政府采购,批准预算,nan
74,中华人民共和国政府采购法,第七条,政府采购实行集中采购和分散采购相结合。集中采购的范围由省级以上人民政府公布的集中采购目录确定。属于中央预算的政府采购项目，其集中采购目录由国务院确定并公布；属于地方预算的政府采购项目，其集中采购目录由省、自治区、直辖市人民政府或者其授权的机构确定并公布。纳入集中采购目录的政府采购项目，应当实行集中采购。,政府采购,集中采购与分散采购规定,nan
75,中华人民共和国政府采购法,第八条,政府采购限额标准，属于中央预算的政府采购项目，由国务院确定并公布；属于地方预算的政府采购项目，由省、自治区、直辖市人民政府或者其授权的机构确定并公布。,政府采购限额标准,公布政府采购限额标准,nan
76,中华人民共和国政府采购法,第九条,政府采购应当有助于实现国家的经济和社会发展政策目标，包括保护环境，扶持不发达地区和少数民族地区，促进中小企业发展等。,政府采购,政策目标实现,nan
77,中华人民共和国政府采购法,第十条,政府采购应当采购本国货物、工程和服务。但有下列情形之一的除外:（一）需要采购的货物、工程或者服务在中国境内无法获取或者无法以合理的商业条件获取的；（二）为在中国境外使用而进行采购的；（三）其他法律、行政法规另有规定的。前款所称本国货物、工程和服务的界定，依照国务院有关规定执行。,政府采购,本国货物、工程和服务,nan
78,中华人民共和国政府采购法,第十一条,政府采购的信息应当在政府采购监督管理部门指定的媒体上及时向社会公开发布，但涉及商业秘密的除外。,政府采购,信息公开规定,nan
79,中华人民共和国政府采购法,第十二条,在政府采购活动中，采购人员及相关人员与供应商有利害关系的，必须回避。供应商认为采购人员及相关人员与其他供应商有利害关系的，可以申请其回避。前款所称相关人员，包括招标采购中评标委员会的组成人员，竞争性谈判采购中谈判小组的组成人员，询价采购中询价小组的组成人员等。,政府采购活动,回避规定,nan
80,中华人民共和国政府采购法,第十三条,各级人民政府财政部门是负责政府采购监督管理的部门，依法履行对政府采购活动的监督管理职责。各级人民政府其他有关部门依法履行与政府采购活动有关的监督管理职责。,政府采购,监督管理职责,nan
81,中华人民共和国政府采购法,第十四条,政府采购当事人是指在政府采购活动中享有权利和承担义务的各类主体，包括采购人、供应商和采购代理机构等。,政府采购,当事人,nan
82,中华人民共和国政府采购法,第十五条,采购人是指依法进行政府采购的国家机关、事业单位、团体组织。,采购人,定义及范围,nan
83,中华人民共和国政府采购法,第十六条,集中采购机构为采购代理机构。设区的市、自治州以上人民政府根据本级政府采购项目组织集中采购的需要设立集中采购机构。集中采购机构是非营利事业法人，根据采购人的委托办理采购事宜。,集中采购机构,设立与性质,nan
84,中华人民共和国政府采购法,第十七条,集中采购机构进行政府采购活动，应当符合采购价格低于市场平均价格、采购效率更高、采购质量优良和服务良好的要求。,集中采购机构,采购活动,nan
85,中华人民共和国政府采购法,第十八条,采购人采购纳入集中采购目录的政府采购项目，必须委托集中采购机构代理采购；采购未纳入集中采购目录的政府采购项目，可以自行采购，也可以委托集中采购机构在委托的范围内代理采购。纳入集中采购目录属于通用的政府采购项目的，应当委托集中采购机构代理采购；属于本部门、本系统有特殊要求的项目，应当实行部门集中采购；属于本单位有特殊要求的项目，经省级以上人民政府批准，可以自行采购。,政府采购当事人,采购方式及委托规定,nan
86,中华人民共和国政府采购法,第十九条,采购人可以委托集中采购机构以外的采购代理机构，在委托的范围内办理政府采购事宜。采购人有权自行选择采购代理机构，任何单位和个人不得以任何方式为采购人指定采购代理机构。,采购人,采购代理机构,nan
87,中华人民共和国政府采购法,第二十条,采购人依法委托采购代理机构办理采购事宜的，应当由采购人与采购代理机构签订委托代理协议，依法确定委托代理的事项，约定双方的权利义务。,采购人,采购代理机构,nan
88,中华人民共和国政府采购法,第二十一条,供应商是指向采购人提供货物、工程或者服务的法人、其他组织或者自然人。,政府采购法,供应商,nan
89,中华人民共和国政府采购法,第二十二条,供应商参加政府采购活动应当具备下列条件:（一）具有独立承担民事责任的能力；（二）具有良好的商业信誉和健全的财务会计制度；（三）具有履行合同所必需的设备和专业技术能力；（四）有依法缴纳税收和社会保障资金的良好记录；（五）参加政府采购活动前三年内，在经营活动中没有重大违法记录；（六）法律、行政法规规定的其他条件。采购人可以根据采购项目的特殊要求，规定供应商的特定条件，但不得以不合理的条件对供应商实行差别待遇或者歧视待遇。,供应商,政府采购活动,nan
90,中华人民共和国政府采购法,第二十三条,采购人可以要求参加政府采购的供应商提供有关资质证明文件和业绩情况，并根据本法规定的供应商条件和采购项目对供应商的特定要求，对供应商的资格进行审查。,采购人,供应商,nan
91,中华人民共和国政府采购法,第二十四条,两个以上的自然人、法人或者其他组织可以组成一个联合体，以一个供应商的身份共同参加政府采购。以联合体形式进行政府采购的，参加联合体的供应商均应当具备本法第二十二条规定的条件，并应当向采购人提交联合协议，载明联合体各方承担的工作和义务。联合体各方应当共同与采购人签订采购合同，就采购合同约定的事项对采购人承担连带责任。,政府采购,联合体,第二十二条
92,中华人民共和国政府采购法,第二十五条,政府采购当事人不得相互串通损害国家利益、社会公共利益和其他当事人的合法权益；不得以任何手段排斥其他供应商参与竞争。供应商不得以向采购人、采购代理机构、评标委员会的组成人员、竞争性谈判小组的组成人员、询价小组的组成人员行贿或者采取其他不正当手段谋取中标或者成交。采购代理机构不得以向采购人行贿或者采取其他不正当手段谋取非法利益。,政府采购当事人,行为规范,nan
93,中华人民共和国政府采购法,第二十六条,政府采购采用以下方式:（一）公开招标；（二）邀请招标；（三）竞争性谈判；（四）单一来源采购；（五）询价；（六）国务院政府采购监督管理部门认定的其他采购方式。公开招标应作为政府采购的主要采购方式。,政府采购方式,主要方式规定,nan
94,中华人民共和国政府采购法,第二十七条,采购人采购货物或者服务应当采用公开招标方式的，其具体数额标准，属于中央预算的政府采购项目，由国务院规定；属于地方预算的政府采购项目，由省、自治区、直辖市人民政府规定；因特殊情况需要采用公开招标以外的采购方式的，应当在采购活动开始前获得设区的市、自治州以上人民政府采购监督管理部门的批准。,政府采购方式,数额标准规定,nan
95,中华人民共和国政府采购法,第二十八条,采购人不得将应当以公开招标方式采购的货物或者服务化整为零或者以其他任何方式规避公开招标采购。,采购人,公开招标采购,nan
96,中华人民共和国政府采购法,第二十九条,符合下列情形之一的货物或者服务，可以依照本法采用邀请招标方式采购:（一）具有特殊性，只能从有限范围的供应商处采购的；（二）采用公开招标方式的费用占政府采购项目总价值的比例过大的。,政府采购,邀请招标的适用情形,nan
97,中华人民共和国政府采购法,第三十条,符合下列情形之一的货物或者服务，可以依照本法采用竞争性谈判方式采购:（一）招标后没有供应商投标或者没有合格标的或者重新招标未能成立的；（二）技术复杂或者性质特殊，不能确定详细规格或者具体要求的；（三）采用招标所需时间不能满足用户紧急需要的；（四）不能事先计算出价格总额的。,政府采购,竞争性谈判方式的适用情形,nan
98,中华人民共和国政府采购法,第三十一条,符合下列情形之一的货物或者服务，可以依照本法采用单一来源方式采购:（一）只能从唯一供应商处采购的；（二）发生了不可预见的紧急情况不能从其他供应商处采购的；（三）必须保证原有采购项目一致性或者服务配套的要求，需要继续从原供应商处添购，且添购资金总额不超过原合同采购金额百分之十的。,政府采购,单一来源方式的适用情形,nan
99,中华人民共和国政府采购法,第三十二条,采购的货物规格、标准统一、现货货源充足且价格变化幅度小的政府采购项目，可以依照本法采用询价方式采购。,政府采购项目,货物规格标准统一且现货货源充足的政府采购项目,nan
100,中华人民共和国政府采购法,第三十三条,负有编制部门预算职责的部门在编制下一财政年度部门预算时，应当将该财政年度政府采购的项目及资金预算列出，报本级财政部门汇总。部门预算的审批，按预算管理权限和程序进行。,政府采购项目,资金预算编制与审批,nan
101,中华人民共和国政府采购法,第三十四条,货物或者服务项目采取邀请招标方式采购的，采购人应当从符合相应资格条件的供应商中，通过随机方式选择三家以上的供应商，并向其发出投标邀请书。,货物或服务项目邀请招标,供应商选择程序,nan
102,中华人民共和国政府采购法,第三十五条,货物和服务项目实行招标方式采购的，自招标文件开始发出之日起至投标人提交投标文件截止之日止，不得少于二十日。,政府采购,招标时间规定,nan
103,中华人民共和国政府采购法,第三十六条,在招标采购中，出现下列情形之一的，应予废标:（一）符合专业条件的供应商或者对招标文件作实质响应的供应商不足三家的；（二）出现影响采购公正的违法、违规行为的；（三）投标人的报价均超过了采购预算，采购人不能支付的；（四）因重大变故，采购任务取消的。废标后，采购人应当将废标理由通知所有投标人。,招标采购,废标情形及处理,nan
104,中华人民共和国政府采购法,第三十七条,废标后，除采购任务取消情形外，应当重新组织招标；需要采取其他方式采购的，应当在采购活动开始前获得设区的市、自治州以上人民政府采购监督管理部门或者政府有关部门批准。,废标,采购程序规定,nan
105,中华人民共和国政府采购法,第三十八条,采用竞争性谈判方式采购的，应当遵循下列程序:（一）成立谈判小组。谈判小组由采购人的代表和有关专家共三人以上的单数组成，其中专家的人数不得少于成员总数的三分之二。（二）制定谈判文件。谈判文件应当明确谈判程序、谈判内容、合同草案的条款以及评定成交的标准等事项。（三）确定邀请参加谈判的供应商名单。谈判小组从符合相应资格条件的供应商名单中确定不少于三家的供应商参加谈判，并向其提供谈判文件。（四）谈判。谈判小组所有成员集中与单一供应商分别进行谈判。在谈判中，谈判的任何一方不得透露与谈判有关的其他供应商的技术资料、价格和其他信息。谈判文件有实质性变动的，谈判小组应当以书面形式通知所有参加谈判的供应商。（五）确定成交供应商。谈判结束后，谈判小组应当要求所有参加谈判的供应商在规定时间内进行最后报价，采购人从谈判小组提出的成交候选人中根据符合采购需求、质量和服务相等且报价最低的原则确定成交供应商，并将结果通知所有参加谈判的未成交的供应商。,政府采购,竞争性谈判程序,nan
106,中华人民共和国政府采购法,第三十九条,采取单一来源方式采购的，采购人与供应商应当遵循本法规定的原则，在保证采购项目质量和双方商定合理价格的基础上进行采购。,政府采购,单一来源采购程序及要求,nan
107,中华人民共和国政府采购法,第四十条,采取询价方式采购的，应当遵循下列程序:（一）成立询价小组。询价小组由采购人的代表和有关专家共三人以上的单数组成，其中专家的人数不得少于成员总数的三分之二。询价小组应当对采购项目的价格构成和评定成交的标准等事项作出规定。（二）确定被询价的供应商名单。询价小组根据采购需求，从符合相应资格条件的供应商名单中确定不少于三家的供应商，并向其发出询价通知书让其报价。（三）询价。询价小组要求被询价的供应商一次报出不得更改的价格。（四）确定成交供应商。采购人根据符合采购需求、质量和服务相等且报价最低的原则确定成交供应商，并将结果通知所有被询价的未成交的供应商。,政府采购,询价程序及要求,nan
108,中华人民共和国政府采购法,第四十一条,采购人或者其委托的采购代理机构应当组织对供应商履约的验收。大型或者复杂的政府采购项目，应当邀请国家认可的质量检测机构参加验收工作。验收方成员应当在验收书上签字，并承担相应的法律责任。,政府采购项目,履约验收,nan
109,中华人民共和国政府采购法,第四十二条,采购人、采购代理机构对政府采购项目每项采购活动的采购文件应当妥善保存，不得伪造、变造、隐匿或者销毁。采购文件的保存期限为从采购结束之日起至少保存十五年。采购文件包括采购活动记录、采购预算、招标文件、投标文件、评标标准、评估报告、定标文件、合同文本、验收证明、质疑答复、投诉处理决定及其他有关文件、资料。采购活动记录至少应当包括下列内容:（一）采购项目类别、名称；（二）采购项目预算、资金构成和合同价格；（三）采购方式，采用公开招标以外的采购方式的，应当载明原因；（四）邀请和选择供应商的条件及原因；（五）评标标准及确定中标人的原因；（六）废标的原因；（七）采用招标以外采购方式的相应记载。,政府采购文件,采购活动记录,nan
110,中华人民共和国政府采购法,第四十三条,政府采购合同适用合同法。采购人和供应商之间的权利和义务，应当按照平等、自愿的原则以合同方式约定。采购人可以委托采购代理机构代表其与供应商签订政府采购合同。由采购代理机构以采购人名义签订合同的，应当提交采购人的授权委托书，作为合同附件。,政府采购,合同相关规定,nan
111,中华人民共和国政府采购法,第四十四条,政府采购合同应当采用书面形式。,政府采购合同,书面形式要求,nan
112,中华人民共和国政府采购法,第四十五条,国务院政府采购监督管理部门应当会同国务院有关部门，规定政府采购合同必须具备的条款。,政府采购合同,必备条款,nan
113,中华人民共和国政府采购法,第四十六条,采购人与中标、成交供应商应当在中标、成交通知书发出之日起三十日内，按照采购文件确定的事项签订政府采购合同。中标、成交通知书对采购人和中标、成交供应商均具有法律效力。中标、成交通知书发出后，采购人改变中标、成交结果的，或者中标、成交供应商放弃中标、成交项目的，应当依法承担法律责任。,政府采购合同,责任承担,nan
114,中华人民共和国政府采购法,第四十七条,政府采购项目的采购合同自签订之日起七个工作日内，采购人应当将合同副本报同级政府采购监督管理部门和有关部门备案。,政府采购合同,备案相关规定,nan
115,中华人民共和国政府采购法,第四十八条,经采购人同意，中标、成交供应商可以依法采取分包方式履行合同。政府采购合同分包履行的，中标、成交供应商就采购项目和分包项目向采购人负责，分包供应商就分包项目承担责任。,政府采购合同,分包履行,nan
116,中华人民共和国政府采购法,第四十九条,政府采购合同履行中，采购人需追加与合同标的相同的货物、工程或者服务的，在不改变合同其他条款的前提下，可以与供应商协商签订补充合同，但所有补充合同的采购金额不得超过原合同采购金额的百分之十。,政府采购合同,追加与补充规定,nan
117,中华人民共和国政府采购法,第五十条,政府采购合同的双方当事人不得擅自变更、中止或者终止合同。政府采购合同继续履行将损害国家利益和社会公共利益的，双方当事人应当变更、中止或者终止合同。有过错的一方应当承担赔偿责任，双方都有过错的，各自承担相应的责任。,政府采购合同,合同变更、中止与终止及责任承担,nan
118,中华人民共和国政府采购法,第五十一条,供应商对政府采购活动事项有疑问的，可以向采购人提出询问，采购人应当及时作出答复，但答复的内容不得涉及商业秘密。,供应商,采购人,nan
119,中华人民共和国政府采购法,第五十二条,供应商认为采购文件、采购过程和中标、成交结果使自己的权益受到损害的，可以在知道或者应知其权益受到损害之日起七个工作日内，以书面形式向采购人提出质疑。,供应商,规定,nan
120,中华人民共和国政府采购法,第五十三条,采购人应当在收到供应商的书面质疑后七个工作日内作出答复，并以书面形式通知质疑供应商和其他有关供应商，但答复的内容不得涉及商业秘密。,政府采购,供应商质疑答复规定,nan
121,中华人民共和国政府采购法,第五十四条,采购人委托采购代理机构采购的，供应商可以向采购代理机构提出询问或者质疑，采购代理机构应当依照本法第五十一条 、第五十三条的规定就采购人委托授权范围内的事项作出答复。,采购人,采购代理机构,第五十一条 、第五十三条
122,中华人民共和国政府采购法,第五十五条,质疑供应商对采购人、采购代理机构的答复不满意或者采购人、采购代理机构未在规定的时间内作出答复的，可以在答复期满后十五个工作日内向同级政府采购监督管理部门投诉。,政府采购,质疑与投诉处理规定,nan
123,中华人民共和国政府采购法,第五十六条,政府采购监督管理部门应当在收到投诉后三十个工作日内，对投诉事项作出处理决定，并以书面形式通知投诉人和与投诉事项有关的当事人。,政府采购监督管理部门,相关当事人,nan
124,中华人民共和国政府采购法,第五十七条,政府采购监督管理部门在处理投诉事项期间，可以视具体情况书面通知采购人暂停采购活动，但暂停时间最长不得超过三十日。,政府采购监督管理部门,采购活动,nan
125,中华人民共和国政府采购法,第五十八条,投诉人对政府采购监督管理部门的投诉处理决定不服或者政府采购监督管理部门逾期未作处理的，可以依法申请行政复议或者向人民法院提起行政诉讼。,政府采购,质疑与投诉处理决定相关救济途径,nan
126,中华人民共和国政府采购法,第五十九条,政府采购监督管理部门应当加强对政府采购活动及集中采购机构的监督检查。监督检查的主要内容是:（一）有关政府采购的法律、行政法规和规章的执行情况；（二）采购范围、采购方式和采购程序的执行情况；（三）政府采购人员的职业素质和专业技能。,政府采购,监督检查内容,nan
127,中华人民共和国政府采购法,第六十条,政府采购监督管理部门不得设置集中采购机构，不得参与政府采购项目的采购活动。采购代理机构与行政机关不得存在隶属关系或者其他利益关系。,政府采购,监督管理规定,nan
128,中华人民共和国政府采购法,第六十一条,集中采购机构应当建立健全内部监督管理制度。采购活动的决策和执行程序应当明确，并相互监督、相互制约。经办采购的人员与负责采购合同审核、验收人员的职责权限应当明确，并相互分离。,政府采购法,内部管理制度,nan
129,中华人民共和国政府采购法,第六十二条,集中采购机构的采购人员应当具有相关职业素质和专业技能，符合政府采购监督管理部门规定的专业岗位任职要求。集中采购机构对其工作人员应当加强教育和培训；对采购人员的专业水平、工作实绩和职业道德状况定期进行考核。采购人员经考核不合格的，不得继续任职。,集中采购机构,集中采购机构人员,nan
130,中华人民共和国政府采购法,第六十三条,政府采购项目的采购标准应当公开。采用本法规定的采购方式的，采购人在采购活动完成后，应当将采购结果予以公布。,政府采购项目标准,采购结果公开要求,nan
131,中华人民共和国政府采购法,第六十四条,采购人必须按照本法规定的采购方式和采购程序进行采购。任何单位和个人不得违反本法规定，要求采购人或者采购工作人员向其指定的供应商进行采购。,采购人,指定供应商,nan
132,中华人民共和国政府采购法,第六十五条,政府采购监督管理部门应当对政府采购项目的采购活动进行检查，政府采购当事人应当如实反映情况，提供有关材料。,政府采购监督检查,采购活动检查,nan
133,中华人民共和国政府采购法,第六十六条,政府采购监督管理部门应当对集中采购机构的采购价格、节约资金效果、服务质量、信誉状况、有无违法行为等事项进行考核，并定期如实公布考核结果。,政府采购监督管理部门,集中采购机构,nan
134,中华人民共和国政府采购法,第六十七条,依照法律、行政法规的规定对政府采购负有行政监督职责的政府有关部门，应当按照其职责分工，加强对政府采购活动的监督。,政府采购活动,行政监督职责,nan
135,中华人民共和国政府采购法,第六十八条,审计机关应当对政府采购进行审计监督。政府采购监督管理部门、政府采购各当事人有关政府采购活动，应当接受审计机关的审计监督。,政府采购,审计监督,nan
136,中华人民共和国政府采购法,第六十九条,监察机关应当加强对参与政府采购活动的国家机关、国家公务员和国家行政机关任命的其他人员实施监察。,政府采购活动,监察,nan
137,中华人民共和国政府采购法,第七十条,任何单位和个人对政府采购活动中的违法行为，有权控告和检举，有关部门、机关应当依照各自职责及时处理。,政府采购活动,监督与检举,nan
138,中华人民共和国政府采购法,第七十一条,采购人、采购代理机构有下列情形之一的，责令限期改正，给予警告，可以并处罚款，对直接负责的主管人员和其他直接责任人员，由其行政主管部门或者有关机关给予处分，并予通报:（一）应当采用公开招标方式而擅自采用其他方式采购的；（二）擅自提高采购标准的；（三）以不合理的条件对供应商实行差别待遇或者歧视待遇的；（四）在招标采购过程中与投标人进行协商谈判的；（五）中标、成交通知书发出后不与中标、成交供应商签订采购合同的；（六）拒绝有关部门依法实施监督检查的。,政府采购法,法律责任情形及处理措施,nan
139,中华人民共和国政府采购法,第七十二条,采购人、采购代理机构及其工作人员有下列情形之一，构成犯罪的，依法追究刑事责任；尚不构成犯罪的，处以罚款，有违法所得的，并处没收违法所得，属于国家机关工作人员的，依法给予行政处分:（一）与供应商或者采购代理机构恶意串通的；（二）在采购过程中接受贿赂或者获取其他不正当利益的；（三）在有关部门依法实施的监督检查中提供虚假情况的；（四）开标前泄露标底的。,政府采购法法律责任,采购人及代理机构违规情形及处罚,nan
140,中华人民共和国政府采购法,第七十三条,有前两条违法行为之一影响中标、成交结果或者可能影响中标、成交结果的，按下列情况分别处理:（一）未确定中标、成交供应商的，终止采购活动；（二）中标、成交供应商已经确定但采购合同尚未履行的，撤销合同，从合格的中标、成交候选人中另行确定中标、成交供应商；（三）采购合同已经履行的，给采购人、供应商造成损失的，由责任人承担赔偿责任。,政府采购法,违法处理情况及责任承担,nan
141,中华人民共和国政府采购法,第七十四条,采购人对应当实行集中采购的政府采购项目，不委托集中采购机构实行集中采购的，由政府采购监督管理部门责令改正；拒不改正的，停止按预算向其支付资金，由其上级行政主管部门或者有关机关依法给予其直接负责的主管人员和其他直接责任人员处分。,采购人,法律责任,nan
142,中华人民共和国政府采购法,第七十五条,采购人未依法公布政府采购项目的采购标准和采购结果的，责令改正，对直接负责的主管人员依法给予处分。,采购人,采购标准和结果,nan
143,中华人民共和国政府采购法,第七十六条,采购人、采购代理机构违反本法规定隐匿、销毁应当保存的采购文件或者伪造、变造采购文件的，由政府采购监督管理部门处以二万元以上十万元以下的罚款，对其直接负责的主管人员和其他直接责任人员依法给予处分；构成犯罪的，依法追究刑事责任。,采购人,采购代理机构,nan
144,中华人民共和国政府采购法,第七十七条,供应商有下列情形之一的，处以采购金额千分之五以上千分之十以下的罚款，列入不良行为记录名单，在一至三年内禁止参加政府采购活动，有违法所得的，并处没收违法所得，情节严重的，由工商行政管理机关吊销营业执照；构成犯罪的，依法追究刑事责任:（一）提供虚假材料谋取中标、成交的；（二）采取不正当手段诋毁、排挤其他供应商的；（三）与采购人、其他供应商或者采购代理机构恶意串通的；（四）向采购人、采购代理机构行贿或者提供其他不正当利益的；（五）在招标采购过程中与采购人进行协商谈判的；（六）拒绝有关部门监督检查或者提供虚假情况的。供应商有前款第（一）至（五）项情形之一的，中标、成交无效。,政府采购法,供应商违法情形及处罚规定,nan
145,中华人民共和国政府采购法,第七十八条,采购代理机构在代理政府采购业务中有违法行为的，按照有关法律规定处以罚款，可以在一至三年内禁止其代理政府采购业务，构成犯罪的，依法追究刑事责任。,采购代理机构,法律责任,nan
146,中华人民共和国政府采购法,第七十九条,政府采购当事人有本法第七十一条、第七十二条、第七十七条违法行为之一，给他人造成损失的，并应依照有关民事法律规定承担民事责任。,政府采购当事人,民事责任规定,第七十一条、第七十二条、第七十七条
147,中华人民共和国政府采购法,第八十条,政府采购监督管理部门的工作人员在实施监督检查中违反本法规定滥用职权，玩忽职守，徇私舞弊的，依法给予行政处分；构成犯罪的，依法追究刑事责任。,政府采购监督管理部门,工作人员,nan
148,中华人民共和国政府采购法,第八十一条,政府采购监督管理部门对供应商的投诉逾期未作处理的，给予直接负责的主管人员和其他直接责任人员行政处分。,政府采购监督管理部门,供应商投诉逾期未处理的责任规定,nan
149,中华人民共和国政府采购法,第八十二条,政府采购监督管理部门对集中采购机构业绩的考核，有虚假陈述，隐瞒真实情况的，或者不作定期考核和公布考核结果的，应当及时纠正，由其上级机关或者监察机关对其负责人进行通报，并对直接负责的人员依法给予行政处分。集中采购机构在政府采购监督管理部门考核中，虚报业绩，隐瞒真实情况的，处以二万元以上二十万元以下的罚款，并予以通报；情节严重的，取消其代理采购的资格。,政府采购监督管理部门,相关法律责任,nan
150,中华人民共和国政府采购法,第八十三条,任何单位或者个人阻挠和限制供应商进入本地区或者本行业政府采购市场的，责令限期改正；拒不改正的，由该单位、个人的上级行政主管部门或者有关机关给予单位责任人或者个人处分。,供应商,政府采购市场,nan
151,中华人民共和国政府采购法,第八十四条,使用国际组织和外国政府贷款进行的政府采购，贷款方、资金提供方与中方达成的协议对采购的具体条件另有规定的，可以适用其规定，但不得损害国家利益和社会公共利益。,国际组织,政府采购规定,nan
152,中华人民共和国政府采购法,第八十五条,对因严重自然灾害和其他不可抗力事件所实施的紧急采购和涉及国家安全和秘密的采购，不适用本法。,紧急采购,涉国家安全秘密采购,nan
153,中华人民共和国政府采购法,第八十六条,军事采购法规由中央军事委员会另行制定。,政府采购法,军事采购法规,nan
154,中华人民共和国政府采购法,第八十七条,本法实施的具体步骤和办法由国务院规定。,政府采购法,实施步骤与办法规定,nan
155,中华人民共和国政府采购法,第八十八条,本法自2003年1月1日起施行。,政府采购法,施行时间,nan
156,中华人民共和国招标投标法实施条例,第一条,为了规范招标投标活动，根据《中华人民共和国招标投标法》 (以下简称招标投标法 )，制定本条例。,制定本法,本法的目的,nan
157,中华人民共和国招标投标法实施条例,第二条,招标投标法第三条所称工程建设项目， 是指工程以及与工程建设有关的货物、服务。 前款所称工程， 是指建设工程， 包括建筑物和构筑物的新建、改建、扩建及其相关的装修、拆除、修缮等；所称与工程建设有关的货物，是指构成工程不可分割的组成部分，且为实现工程基本功能所必需的设备、材料等；所称与工程建设有关的服务，是指为完成工程所需的勘察、设计、监理等服务。,招标投标法实施条例,工程建设项目,第三条
158,中华人民共和国招标投标法实施条例,第三条,依法必须进行招标的工程建设项目的具体范围和规模标准，由国务院发展改革部门会同国务院有关部门制订，报国务院批准后公布施行。,依法必招项目,范围和规模标准制定程序,nan
159,中华人民共和国招标投标法实施条例,第四条,国务院发展改革部门指导和协调全国招标投标工作，对国家重大建设项目的工程招标投标活动实施监督检查。国务院工业和信息化、住房城乡建设、交通运输、铁道、水利、商务等部门，按照规定的职责分工对有关 招标投标活动实施监督。 县级以上地方人民政府发展改革部门指导和协调本行政区域的招标投标工作。县级以上地方人民政府有关部门按照规定的职责分工，对招标投标活动实施监督，依法查处招标投标活动中的违法行为。 县级以上地方人民政府对其所属部门有关招标投标活动的监督职责 分工另有规定的，从其规定。财政部门依法对实行招标投标的政府采购工程建设项目的政府采购政策执行情况实施监督。 监察机关依法对与招标投标活动有关的监察对象实施监察。,招标投标活动,监督管理,nan
160,中华人民共和国招标投标法实施条例,第五条,设区的市级以上地方人民政府可以根据实际需要，建立统一规范的招标投标交易场所，为招标投标活动提供服务。招标投标交易场所不得与行政监督部门存在隶属关系， 不得以营利为目的。 国家鼓励利用信息网络进行电子招标投标。,设区市,招标投标交易场所,nan
161,中华人民共和国招标投标法实施条例,第六条,禁止国家工作人员以任何方式非法干涉招标投标 - 3 - 活动。,国家工作人员,招标投标活动,nan
162,中华人民共和国招标投标法实施条例,第七条,按照国家有关规定需要履行项目审批、 核准手续的依法必须进行招标的项目，其招标范围、招标方式、招标组织形式应当报项目审批、核准部门审批、核准。项目审批、核准部门应当及时将审批、核准确定的招标范围、招标方式、招标组织形式通报有关行政监督部门。,依法必须招标项目,审批、核准相关规定,nan
163,中华人民共和国招标投标法实施条例,第八条,国有资金占控股或者主导地位的依法必须进行招标的项目， 应当公开招标； 但有下列情形之一的， 可以邀请招标： (一)技术复杂、有特殊要求或者受自然环境限制，只有少量潜在投标人可供选择； (二)采用公开招标方式的费用占项目合同金额的比例过大。 有前款第二项所列情形，属于本条例 第七条规定的项目，由项目审批、核准部门在审批、核准项目时作出认定；其他项目由招标人申请有关行政监督部门作出认定。,国有资金占控股或主导地位项目,招标方式及特殊情形认定,第七条
164,中华人民共和国招标投标法实施条例,第九条,除招标投标法第六十六条规定的可以不进行招标的特殊情况外，有下列情形之一的，可以不进行招标： (一)需要采用不可替代的专利或者专有技术； (二)采购人依法能够自行建设、生产或者提供；(三)已通过招标方式选定的特许经营项目投资人依法能够自行建设、生产或者提供； (四)需要向原中标人采购工程、货物或者服务，否则将影响施工或者功能配套要求； (五)国家规定的其他特殊情形。 招标人为适用前款规定 弄虚作假的， 属于招标投标法第四条规定的规避招标。,可不进行招标的情形,规避招标规定,第四条
165,中华人民共和国招标投标法实施条例,第十条,招标投标法第十二条第二款规定的招标人具有编制招标文件和组织评标能力， 是指招标人具有与招标项目规模和复杂程度相适应的技术、经济等方面的专业人员。,招标人,编制文件与组织评标能力,第十二条
166,中华人民共和国招标投标法实施条例,第十一条,国务院住房城乡建设、商务、发展改革、工业和信息化等部门， 按照规定的职责分工对招标代理机构依法实施监督管理。,招标代理机构,监督管理职责分工,nan
167,中华人民共和国招标投标法实施条例,第十二条,招标代理机构应当拥有一定数量的具备编制招标文件、组织评标等相应能力的专业人员。,招标代理机构,人员能力要求,nan
168,中华人民共和国招标投标法实施条例,第十三条,招标代理机构在招标人委托的范围内开展招标代理业务，任何单位和个人不得非法干涉。 招标代理机构 代理招标业务， 应当遵守招标投标法和本条例关于招标人的规定。 招标代理机构不得在所代理的招标项目中投标或者代理投标，也不得为所代理的招标项目的投标人提供咨询。,招标代理机构,相关规定,nan
169,中华人民共和国招标投标法实施条例,第十四条,招标人应当与被委托的招标代理机构签订书面委托合同，合同约定的收费标准应当符合国家有关规定。,招标人,招标代理机构,nan
170,中华人民共和国招标投标法实施条例,第十五条,公开招标的项目， 应当依照招标投标法和本条例的规定发布招标公告、编制招标文件。 招标人采用资格预审办法对潜在投标人进行资格审查的， 应当发布资格预审公告、编制资格预审文件。 依法必须进行招标的项目的资格预审公告和招标公告， 应当在国务院发展改革部门依 法指定的媒介发布。 在不同媒介发布的同一招标项目的资格预审公告或者招标公告的内容应当一致。 指定媒介发布依法必须进行招标的项目的境内资格预审公告、 招标公告，不得收取费用。 编制依法必须进行招标的项目的资格预审文件和招标文件，应当使用国务院发展改革部门会同有关行政监督部门制定的标准文本。,招标项目,公告、文件发布与编制相关规定,nan
171,中华人民共和国招标投标法实施条例,第十六条,招标人应当按照资格预审公告、 招标公告或者投标邀请书规定的时间、地点发售资格预审文件或者招标文件。资格预审文件或者招标文件的发售期不得少于 5日。 招标人发售资格预审文件、 招标文件收取的费用应当限于补偿印刷、邮寄的成本支出 ，不得以营利为目的。,招标文件,发售规定,nan
172,中华人民共和国招标投标法实施条例,第十七条,招标人应当合理确定提交资格预审申请文件的时间。依法必须进行招标的项目提交资格预审申请文件的时间，自资格预审文件停止发售之日起不得少于 5日。,招标项目,资格预审申请文件,nan
173,中华人民共和国招标投标法实施条例,第十八条,资格预审应当按照资格预审文件载明的标准和方法进行。 国有资金占控股或者主导地位的依法必须进行招标的项目，招标人应当组建资格审查委员会审查资格预审申请文件。 资格审查委员会及其成员应当遵守招标投标法和本条例有关评标委员会及其成员的规定。,国有资金占控股或主导地位项目,资格预审规定,nan
174,中华人民共和国招标投标法实施条例,第十九条,资格预审结束后， 招标人应当及时向资格预审申请人发出资格预审结果通知书。 未通过资格预审的申请人不具有投标资格。 通过资格预审的申请人少于 3个的，应当重新招标。,资格预审结果,相关规定,nan
175,中华人民共和国招标投标法实施条例,第二十条,招标人采用资格后审办法对投标人进行资格审查的， 应当在开标后由评标委员会按照招标文件规定的标准和方法对投标人的资格进行审查。,招标人,资格后审办法,nan
176,中华人民共和国招标投标法实施条例,第二十一条,招标人可以对已发出的资格预审文件或者招标文件进行必要的澄清或者修改。 澄清或者修改的内容可能影响资格预审申请文件或者投标文件编制的， 招标人应当在提交资格预审申请文件截止时间至少 3日前，或者投标截止时间至少 15 - 7 - 日前， 以书面形式通知所有获取资格预审文件或者招标文件的潜在投标人；不足 3日或者15日的，招标人应当顺延提交资格预审申请文件或者投标文件的截止时间。,招标文件,澄清与修改相关规定,nan
177,中华人民共和国招标投标法实施条例,第二十二条,潜在投标人或者其他利害关系人对资格预审文件有异议的， 应当在提交资格预审申请文件截止时间 2日前提出；对招标文件有异议的，应当在投标截止时间 10日前提出。招标人应当自收到异议之日起 3日内作出答复；作出答复前，应当暂停招标投标活动。,资格预审文件,招标文件,nan
178,中华人民共和国招标投标法实施条例,第二十三条,招标人编制的资格预审文件、 招标文件的内容违反法律、行政法规的强制性规定，违反公开、公平、公正和诚实信用原则，影响资 格预审结果或者潜在投标人投标的，依法必须进行招标的项目的招标人应当在修改资格预审文件或者招标文件后重新招标。,资格预审文件,招标文件,nan
179,中华人民共和国招标投标法实施条例,第二十四条,招标人对招标项目划分标段的， 应当遵守招标投标法的有关规定，不得利用划分标段限制或者排斥潜在投标人。 依法必须进行招标的项目的招标人不得利用划分标段规避招标。,招标项目,标段,nan
180,中华人民共和国招标投标法实施条例,第二十五条,招标人应当在招标文件中载明投标有效期。 投标有效期从提交投标文件的截止之日起算。,招标文件,投标有效期,nan
181,中华人民共和国招标投标法实施条例,第二十六条,招标人在招标文件中要求投标人提交投标保 - 8 - 证金的，投标保证金不得超过招标项目估算价的 2%。投标保证金有效期应当与投标有效期一致。 依法必须进行招标的项目的境内投标单位， 以现金或者支票形式提交的投标保证金应当从其基本账户转出。 招标人不得挪用投标保证金。,招标项目,投标保证金,nan
182,中华人民共和国招标投标法实施条例,第二十七条,招标人可以自行决定是否编制标底。 一个招标项目只能有一个标底。标底必须保密。 接受委托编制标底的中介机构不得参加受托编制标底项目的投标，也不得为该项目的投标人编制投标文件或者提供咨询。 招标人设有最高投标限价的， 应当在招标文件中明确最高投标限价或者最高 投标限价的计算方法。 招标人不得规定最低投标限价。,标底,投标限价,nan
183,中华人民共和国招标投标法实施条例,第二十八条,招标人不得组织单个或者部分潜在投标人踏勘项目现场。,招标人,潜在投标人,nan
184,中华人民共和国招标投标法实施条例,第二十九条,招标人可以依法对工程以及与工程建设有关的货物、服务全部或者部分实行总承包招标。以暂估价形式包括在总承包范围内的工程、货物、服务属于依法必须进行招标的项目范围且达到国家规定规模标准的，应当依法进行招标。 前款所称暂估价， 是指总承包招标时不能确定价格而由招标人在招标文件中暂时估定的工程、货物、服务的金额。,总承包招标,暂估价相关规定,nan
185,中华人民共和国招标投标法实施条例,第三十条,对技术复杂或者无法精确拟定技术规格的项目，招标人可以分两阶段进行招标。 第一阶段， 投标人按照招标公告或者投标邀请书的要求提交不带报价的技术建议， 招标人根据投标人提交的技术建议确定技术标准和要求，编制招标文件。 第二阶段， 招标人向在第一阶段提交技术建议的投标人提供招标文件， 投标人按照招标文件的要求提交包括最终技术方案和投标报价的投标文件。 招标人要求投标人提交投标保证金的，应当在第二阶段提出。,技术复杂项目,两阶段招标流程,nan
186,中华人民共和国招标投标法实施条例,第三十一条,招标人终止招标的，应当及时发布公告，或者以书面形式通知被邀请的或者已经获取资格预审文件、 招标文件的潜在投标人。已经发售资格预审文件、招标文件或者已经收取投标保证金的，招标人应当 及时退还所收取的资格预审文件、招标文件的费用，以及所收取的投标保证金及银行同期存款利息。,招标人,招标规定（包含终止招标相关规定）,nan
187,中华人民共和国招标投标法实施条例,第三十二条,招标人不得以不合理的条件限制、 排斥潜在投标人或者投标人。 招标人有下列行为之一的，属于以不合理条件限制、排斥潜在投标人或者投标人： (一)就同一招标项目向潜在投标人或者投标人提供有差别 - 10 - 的项目信息； (二)设定的资格、技术、商务条件与招标项目的具体特点和实际需要不相适应或者与合同履行无关； (三)依法必须进行招标的项目以特定行政区域或者特定行业的业绩、奖项作为加分条件或者中标条件； (四)对潜在投标人或者投标 人采取不同的资格审查或者评标标准； (五)限定或者指定特定的专利、商标、品牌、原产地或者供应商； (六)依法必须进行招标的项目非法限定潜在投标人或者投标人的所有制形式或者组织形式； (七)以其他不合理条件限制、排斥潜在投标人或者投标人。,招标人,潜在投标人,nan
188,中华人民共和国招标投标法实施条例,第三十三条,投标人参加依法必须进行招标的项目的投标，不受地区或者部门的限制，任何单位和个人不得非法干涉。,投标人,地区部门,nan
189,中华人民共和国招标投标法实施条例,第三十四条,与招标人存在利害关系可能影响招标公正性的法人、其他组织或者个人，不得参加投标。 单位负责人为同一人或者存在控股、管理关系的不同单位，不得参加同一标段投标或者未划分标段的同一招标项目投标。 - 11 - 违反前两款规定的，相关投标均无效。,招标人,与招标人存在利害关系者,nan
190,中华人民共和国招标投标法实施条例,第三十五条,投标人撤回已提交的投标文件， 应当在投标截止时间前书面通知招标人。招标人已收取投标保证金的，应当自收到投标人书面撤回通知之日起 5日内退还。 投标截止后投标人撤销投标文件的， 招标人可以不退还投标保证金。,投标人,投标文件,nan
191,中华人民共和国招标投标法实施条例,第三十六条,未通过资格预审的申请人提交的投标文件， 以及逾期送达或者不按照招标 文件要求密封的投标文件， 招标人应当拒收。 招标人应当如实记载投标文件的送达时间和密封情况， 并存档备查。,投标文件,未通过资格预审及逾期送达、未按要求密封的投标文件,nan
192,中华人民共和国招标投标法实施条例,第三十七条,招标人应当在资格预审公告、 招标公告或者投标邀请书中载明是否接受联合体投标。 招标人接受联合体投标并进行资格预审的， 联合体应当在提交资格预审申请文件前组成。资格预审后联合体增减、更换成员的，其投标无效。 联合体各方在同一招标项目中以自己名义单独投标或者参加其他联合体投标的，相关投标均无效。,联合体投标,相关规定,nan
193,中华人民共和国招标投标法实施条例,第三十八条,投标人发生合并、分立、破产等重大变化的，应当及时书面告知招标人。投标人不再具备资格预审文件、招标 - 12 - 文件规定的资格条件或者其投标影响招标公正性的，其投标无效。,投标人,投标有效性规定,nan
194,中华人民共和国招标投标法实施条例,第三十九条,禁止投标人相互串通投标。 有下列情形之一的，属于投标人相互串通投标： (一)投标人之间协商投标报价等投标文件的实质性内容； (二)投标人之间约定中标人； (三)投标人之间约定部分投标人放弃投标或者中标； (四)属于同一集团、协会、商会等组织成员的投标人按照该组织要求协同投标； (五)投标人之间为谋取中标或者排斥特定投标人而采取的其他联合行动。,投标人,相互串通投标的情形及规定,nan
195,中华人民共和国招标投标法实施条例,第四十条,有下列情形之一的，视为投标人相互串通投标： (一)不同投标人的投标文件由同一单位或者个人编制； (二)不同投标人委托同一单位或者个人办理投标事宜； (三)不同投标人的投标文件载明的项目管理成员为同一人； (四)不同投标人的投标文件异常一致或者投标报价呈规律性差异； (五)不同投标人的投标文件相互混装； (六)不同投标人的投标保证金从同一单位或者个人的账户转出。,投标人,相互串通投标的情形,nan
196,中华人民共和国招标投标法实施条例,第四十一条,禁止招标人与投标人串通投标。 有下列情形之一的，属于招标人与投标人串通投标： (一)招标人在开标前开启投标文件并将有关信息泄露给其他投标人； (二)招标人直接或者间接向投标人泄露标底、评标委员会成员等信息； (三)招标人明示或者暗示投标人压低或者抬高投标报价； (四)招标人授意投标人撤换、修改投标文件； (五)招标人明示或者暗示投标人为特定投标人中标提供方便； (六)招标人与投标人为谋求特定投标人中标而采取的其他串通行为。,招标人与投标人,串通投标的情形,nan
197,中华人民共和国招标投标法实施条例,第四十二条,使用通过受让或者租借等方式获取的资格、 资质证书投标的， 属于招标投标法第三十三条规定的以他人名义投标。 投标人有下列情形之一的， 属于招标投标法第三十三条 规定的以其他方式弄虚作假的行为： (一)使用伪造、变造的许可证件； (二)提供虚假的财务状况或者业绩； (三)提供虚假的项目负责人或者主要技术人员简历、劳动关系证明； (四)提供虚假的信用状况； (五)其他弄虚作假的行为。,投标,弄虚作假行为规定,第三十三条
198,中华人民共和国招标投标法实施条例,第四十三条,提交资格预审申请文件的申请人应当遵守招标投标法和本条例有关投标人的规定。,投标申请人,提交资格预审申请文件的申请人,nan
199,中华人民共和国招标投标法实施条例,第四十四条,招标人应当按照招标文件规定的时间、 地点开标。 投标人少于 3个的，不得开标；招标人应当重新招标。 投标人对开标有异议的，应当在开标现场提出，招标人应当当场作出答复，并 制作记录。,招标投标,开标,nan
200,中华人民共和国招标投标法实施条例,第四十五条,国家实行统一的评标专家专业分类标准和管理办法。 具体标准和办法由国务院发展改革部门会同国务院有关部门制定。 省级人民政府和国务院有关部门应当组建综合评标专家库。,评标专家分类标准,综合评标专家库,nan
201,中华人民共和国招标投标法实施条例,第四十六条,除招标投标法第三十七条第三款规定的特殊招标项目外，依法必须进行招标的项目，其评标委员会的专家成员应当从评标专家库内相关专业的专家名单中以随机抽取方式确定。任何单位和个人不得以明示、暗示等任何方式指定或者变相指定参加评标委员会的专家成员。 依法必须进行招标的项目的招标人非因招标投标法和本条例规定的事由，不得更换依法确定的评标委员会成员。更换评标委员会的专家成员应当依照前款规定进行。 评标委员会成员与投标人有利害关系的，应当主动回避。 有关行政监督部门应当按照规定的职责分工， 对评标委员会成员的确定方式、评标专家 的抽取和评标活动进行监督。行政监督部门的工作人员不得担任本部门负责监督项目的评标委员会成员。,招标项目,评标委员会,第三十七条
202,中华人民共和国招标投标法实施条例,第四十七条,招标投标法第三十七条第三款所称特殊招标项目，是指技术复杂、专业性强或者国家有特殊要求，采取随机抽取方式确定的专家难以保证胜任评标工作的项目。,特殊招标项目,招标项目的界定,第三十七条
203,中华人民共和国招标投标法实施条例,第四十八条,招标人应当向评标委员会提供评标所必需的信息，但不得明示或者暗示其倾向或者排斥特定投标人。 招标人应当根据项目规模和技术复杂程度等因素合理确定评标时间。超过三分之一的评标委员会成员认为评标时间不够的，招标人应当适当延长。 评标过程中，评标委员会成员有回避事由、擅离职守或者因健康等原因不能继续评标的，应当及时更换。被更换的评标委员会成员作出的评审结论无效， 由更换后的评标委员会成员重新进 - 16 - 行评审。,招标规定,评标规定,nan
204,中华人民共和国招标投标法实施条例,第四十九条,评标委员会成员应当依照招标投标法和本条例的规定，按照招标文件规定的评标标准和方法，客观、公正地对投标文件提出评审意见。 招标文件没有规定的评标标准和方法不得作为评标的依据。 评标委员会成员不得私下接 触投标人， 不得收受投标人给予的财物或者其他好处，不得向招标人征询确定中标人的意向，不得接受任何单位或者个人明示或者暗示提出的倾向或者排斥特定投标人的要求，不得有其他不客观、不公正履行职务的行为。,评标委员会,评标委员会的职责与规范,nan
205,中华人民共和国招标投标法实施条例,第五十条,招标项目设有标底的，招标人应当在开标时公布。标底只能作为评标的参考，不得以投标报价是否接近标底作为中标条件， 也不得以投标报价超过标底上下浮动范围作为否决投标的条件。,招标项目标底,开标公布及使用规定,nan
206,中华人民共和国招标投标法实施条例,第五十一条,有下列情形之一的， 评标委员会应当否决其投标： (一)投标文件未经投标单位盖章和单位负责人签字； (二)投标联合体没有提交共同投标 协议； (三)投标人不符合国家或者招标文件规定的资格条件； (四)同一投标人提交两个以上不同的投标文件或者投标报价，但招标文件要求提交备选投标的除外； - 17 - (五)投标报价低于成本或者高于招标文件设定的最高投标限价； (六)投标文件没有对招标文件的实质性要求和条件作出响应； (七)投标人有串通投标、弄虚作假、行贿等违法行为。,评标委员会,投标,nan
207,中华人民共和国招标投标法实施条例,第五十二条,投标文件中有含义不明确的内容、 明显文字或者计算错误， 评标委员会认为需要投标人作出必要澄清、 说明的，应当书面通知该投标人。 投标人的澄清、 说明应当采用书面形式，并不得超出投标文件的范 围或者改变投标文件的实质性内容。 评标委员会不得暗示或者诱导投标人作出澄清、说明，不得接受投标人主动提出的澄清、说明。,投标文件,澄清与说明相关规定,nan
208,中华人民共和国招标投标法实施条例,第五十三条,评标完成后， 评标委员会应当向招标人提交书面评标报告和中标候选人名单。中标候选人应当不超过 3个，并标明排序。 评标报告应当由评标委员会全体成员签字。 对评标结果有不同意见的评标委员会成员应当以书面形式说明其不同意见和理由，评标报告应当注明该不同意见。评标委员会成员拒绝在评标报告上签字又不书面说明其不同意见和理由的， 视为同意评标结果。,评标报告,中标候选人相关规定,nan
209,中华人民共和国招标投标法实施条例,第五十四条,依法必须进行招标的项目， 招标人应当自 收到 - 18 - 评标报告之日起 3日内公示中标候选人，公示期不得少于 3日。 投标人或者其他利害关系人对依法必须进行招标的项目的评标结果有异议的，应当在中标候选人公示期间提出。招标人应当自收到异议之日起 3日内作出答复；作出答复前，应当暂停招标投标活动。,招标项目,中标候选人,nan
210,中华人民共和国招标投标法实施条例,第五十五条,国有资金占控股或者主导地位的依法必须进行招标的项目，招标人应当确定排名第一的中标候选人为中标人。 排名第一的中标候选人放弃中标、 因不可抗力不能履行合同、不按照招标文件要求提交履约保证金， 或者被查实存在影响中标结果的违法行为等情形，不符合中标条件的，招标人可以按照评标委员会提出的中标候选人名单排序依次确定其他中标候选人为中标人，也可以重新招标。,国有资金占控股或主导地位项目,中标人确定规则,nan
211,中华人民共和国招标投标法实施条例,第五十六条,中标候选人的经营、 财务状况发生较大变化或者存在违法行为，招标人认为可能影响其履约能力的，应当在发出中标通知书前由原评标委员会按照招标文件规定的标准和方法审查确认。,中标候选人,履约能力审查确认,nan
212,中华人民共和国招标投标法实施条例,第五十七条,招标人和中标人应当依照招标投标法和本条例的规定签订书面合同，合同的标的、价款、质量、履行期限等主要条款应当与招标文件和中标人的投标文件的内容一致。 招标人和中标人不得再行订立背离合同实质性内容的其他协议。 - 19 - 招标人最迟应当在书面合同签订后 5日内向中标人和未中标的投标人退还投标保证金及银行同期存款利息。,招标人,中标人,nan
213,中华人民共和国招标投标法实施条例,第五十八条,招标文件要求中标人提交履约保证金的， 中标人应当按照招标文件的要求提交。 履约保证金不得超过中标合同金额的10%。,中标人,履约保证金,nan
214,中华人民共和国招标投标法实施条例,第五十九条,中标人应当按照合同约定履行义务， 完成中标项目。中标人不得向他人转让中标项目，也不得将中标项目肢解后分别向他人转让。 中标人按照合同约定或者经招标人同意， 可以将中标项目的部分非主体、非关键性工作分包给他人完成。接受分包的人应当具备相应的资格条件，并不得再次分包。 中标人应当就分包项目向招标人负责， 接受分包的人就分包项目承担连带责任。,中标人,分包规定,nan
215,中华人民共和国招标投标法实施条例,第六十条,投标人或者其他利害关系人认为招标投标活动不符合法律、行政法规规定的，可以自知道或者应当知道之日起10日内向有关行政监督部门投诉。投诉应当有明确的请求和必要的证明材料。 就本条例第二十二条、第四十四条、第五十四条规定事项投诉的，应当先向招标人提出异议，异议答复期间不计算在前款规定的期限内。,招标投标活动,招标投标活动投诉与处理,第二十二条、第四十四条、第五十四条
216,中华人民共和国招标投标法实施条例,第六十一条,投诉人就同一事项向两个以上有权受理的行政监督部门投诉的，由最先收到投诉的行政监督部门负责处理。 行政监督部门应当自收到投诉之日起 3个工作日内决定是否受理投诉，并自受理投诉之日起 30个工作日内作出书面处理决定；需要检验、检测、鉴定、专家评审的，所需时间不计算在内。 投诉人捏造事实、 伪造材料或者以非法手段取得证明材料进行投诉的，行政监督部门应当予以驳回。,招标投标,投诉与处理规定,nan
217,中华人民共和国招标投标法实施条例,第六十二条,行政监督部门处理投诉，有权查阅、复制有关文件、资料，调查有关情况，相关单位和人员应当予以配合。必要时，行政监督部门可以责令暂停招标投标活动。 行政监督部门的工作人员对监督检查过程中知悉的国家秘密、商业秘密，应当依法予以保密。,招标投标投诉,招标投标处理规定,nan
218,中华人民共和国招标投标法实施条例,第六十三条,招标人有下列限制或者排斥潜在投标人行为之一的， 由有关行政监督部门依照招标投标法第五十一条的规定处罚：(一)依法应当公开招标的项目不按照规定在指定媒介发布资格预审公告或者招标公告； (二)在不同媒介发布的同一招标项目的资格预审公告或者招标公告的内容不一致，影响潜在投标人申请资格预审或者投标。 依法必须进行招标的项目的招标人不按照规定发布资格预审公告或者招标公告，构成规避招标的，依照招标投标法第四十九条的规定处罚。,招标人,潜在投标人,第五十一条
219,中华人民共和国招标投标法实施条例,第六十四条,招标人有下列情形之一的， 由有关行政监督部门责令改正，可以处 10万元以下的罚款： (一)依法应当公开招标而采用邀请招标； (二)招标文件、资格预审文件的发售、澄清、修改的时限，或者确定的提交资格预审申请文件、 投标文件的时限不符合招标投标法和本条例规定； (三)接受未通过资格预审的单位或者个人参加投标； (四)接受应当拒收的投标文件。 招标人有前款第一项、第三项、第四项所列行为之一的，对单位直接负责的主管人员和其他直接责任人员依法给予处分。,招标人,法律责任,nan
220,中华人民共和国招标投标法实施条例,第六十五条,招标代理机构在所代理的招标项目中投标、 代理投标或者向该项目投标人提供咨询的， 接受委托编制标底的中介机构参加受托编制标底项目的投标或者为该项目的投标人编制投标文件、提供咨询的，依照招标投标法第五十条的规定追究法律责任。,招标代理机构,法律责任,第五十条
221,中华人民共和国招标投标法实施条例,第六十六条,招标人超过本条例规定的比例收取投标保证金、 履约保证金或者不按照规定退还投标保证金及银行同期存款利息的，由有关行政监督部门责令改正，可以处 5万元以下的罚款；给他人造成损失的，依法承担赔偿责任。,招标人,法律责任,nan
222,中华人民共和国招标投标法实施条例,第六十七条,投标人相互串通投标或者与招标人串通投标的，投标人向招标人或者评标委员会成员行贿谋取中标的，中标无效；构成犯罪的，依法追究刑事责任；尚不构成犯罪的，依照招标投标法第五十三条的规定处罚。投标人未中标的，对单位的罚款金额按照招标项目合同金额依照招标投标法规定的比例计算。 投标人有下列行为之一的， 属于招标投标法第五十三条规定的情节严重行为， 由有关行政监督部门取消其 1年至2年内参加依法必须进行招标的项目的投标资格： (一)以行贿谋取中标； (二)3年内2次以上串通投标； (三)串通投标行为损害招标人、 其他投标人或者国家、 集体、公民的合法利益，造成直接经济损失 30万元以上；(四)其他串通投标情节严重的行为。 投标人自本条第二款规定的处罚执行期限届满之日起 3年内又有该款所列违法行为之一的，或者串通投标、以行贿谋取中标情节特别严重的，由工商行政管理机关吊销营业执照。 法律、行政法规对串通投标报价行为的处罚另有规定的，从其规定。,招标投标法实施条例,法律责任（关于投标人串通投标及行贿的处罚规定）,第五十三条
223,中华人民共和国招标投标法实施条例,第六十八条,投标人以他人名义投标或者以其他方式弄虚作假骗取中标的，中标无效；构成犯罪的，依法追究刑事责任；尚不构成犯罪的，依照招标投标法第五十四条的规定处罚。依法必须进行招标的项目的投标人未中标的， 对单位的罚款金额按照招标项目合同金额依照招标投标法规定的比例计算。 投标人有下列行为之一的， 属 于招标投标法第五十四条规定的情节严重行为， 由有关行政监督部门取消其 1年至3年内参加依法必须进行招标的项目的投标资格： (一)伪造、 变造资格、 资质证书或者其他许可证件骗取中标； (二)3年内2次以上使用他人名义投标； (三)弄虚作假骗取中标给招标人造成直接经济损失 30万元以上； (四)其他弄虚作假骗取中标情节严重的行为。 投标人自本条第二款规定的处罚执行期限届满之日起 3年内又有该款所列违法行为之一的， 或者弄虚作假骗取中标情节特别严重的，由工商行政管理机关吊销营业执照。,投标人,法律责任,第五十四条
224,中华人民共和国招标投标法实施条例,第六十九条,出让或者出租资格、资质证书供 他人投标的，依照法律、行政法规的规定给予行政处罚；构成犯罪的，依法追究刑事责任。,资格、资质证书,法律责任,nan
225,中华人民共和国招标投标法实施条例,第七十条,依法必须进行招标的项目的招标人不按照规定组建评标委员会，或者确定、更换评标委员会成员违反招标投标法和本条例规定的，由有关行政监督部门责令改正，可以处 10万元以下的罚款， 对单位直接负责的主管人员和其他直接责任人员依法给予处分； 违法确定或者更换的评标委员会成员作出的评审结论无效，依法重新进行评审。 国家工作人员以任何方式非法干涉选取评标委员会成员的，依照本条例第八十条的规定追究法律责任。,招标项目招标人,评标委员会,第八十条
226,中华人民共和国招标投标法实施条例,第七十一条,评标委员会成员有下列行为之一的， 由有关行政监督部门责令改正；情节严重的，禁止其在一定期限内参加依法必须进行招标的 项目的评标；情节特别严重的，取消其担任评标委员会成员的资格： (一)应当回避而不回避； (二)擅离职守； (三)不按照招标文件规定的评标标准和方法评标； - 25 - (四)私下接触投标人； (五)向招标人征询确定中标人的意向或者接受任何单位或者个人明示或者暗示提出的倾向或者排斥特定投标人的要求； (六)对依法应当否决的投标不提出否决意见； (七)暗示或者诱导投标人作出澄清、说明或者接受投标人主动提出的澄清、说明； (八)其他不客观、不公正履行职务的行为。,评标委员会成员,法律责任,nan
227,中华人民共和国招标投标法实施条例,第七十二条,评标委员会成员收受投标人的财物或者其他好处的，没收收 受的财物，处 3000元以上5万元以下的罚款，取消担任评标委员会成员的资格， 不得再参加依法必须进行招标的项目的评标；构成犯罪的，依法追究刑事责任。,评标委员会成员,违法责任,nan
228,中华人民共和国招标投标法实施条例,第七十三条,依法必须进行招标的项目的招标人有下列情形之一的，由有关行政监督部门责令改正，可以处中标项目金额10‰以下的罚款；给他人造成损失的，依法承担赔偿责任；对单位直接负责的主管人员和其他直接责任人员依法给予处分： (一)无正当理由不发出中标通知书； (二)不按照规定确定中标人； (三)中标通知书发出后无正当理由改变中标结果； (四)无正当理由不与中标人订立合同 ； (五)在订立合同时向中标人提出附加条件。,招标人,依法必须招标项目,nan
229,中华人民共和国招标投标法实施条例,第七十四条,中标人无正当理由不与招标人订立合同， 在签订合同时向招标人提出附加条件， 或者不按照招标文件要求提交履约保证金的，取消其中标资格，投标保证金不予退还。对依法必须进行招标的项目的中标人，由有关行政监督部门责令改正，可以处中标项目金额 10‰以下的罚款。,中标人,法律责任,nan
230,中华人民共和国招标投标法实施条例,第七十五条,招标人和中标人不按照招标文件和中标人的投标文件订立合同，合同的主要条款与招标文件、中标人的投标文件的内容不一致，或者招标人、中标人订立背离合同实质性内容的协议的，由有关行政监督部门责令改正，可以处中标项目金额5‰以上10‰以下的罚款。,招标人,中标人,nan
231,中华人民共和国招标投标法实施条例,第七十六条,中标人将中标项目转让给他人的， 将中标项目肢解后分别转让给他人的， 违反招标投标法和本条例规定将中标项目的部分主体、关键性工作分包给他人的，或者分包人再次分包的，转让、分包无效，处转让、分包项目金额 5‰以上10‰以下的罚款；有违法所得的，并处没收违法所得；可以责令停业整顿；情节严重的，由工商行政管理机关吊销营业执照。,中标项目,违法转让、分包的法律责任,nan
232,中华人民共和国招标投标法实施条例,第七十七条,投标人或者其他利害关系人捏造事实、 伪造材料或者以非法手段取得证明材料进行投诉，给他人造成损失的，依法承担赔偿责任。 招标人不按照规定对异议作出答复， 继续进行招标投标活动的，由有关行政监督部门 责令改正，拒不改正或者不能改正并影响中标结果的，依照本条例第八十一条的规定处理。,招标投标法实施条例,法律责任,第八十一条
233,中华人民共和国招标投标法实施条例,第七十八条,国家建立招标投标信用制度。 有关行政监督部门应当依法公告对招标人、招标代理机构、投标人、评标委员会成员等当事人违法行为的行政处理决定。,招标投标信用制度,行政处理决定公告,nan
234,中华人民共和国招标投标法实施条例,第七十九条,项目审批、核准部门不依法审批、核准项目招标范围、招标方式、招标组织形式的，对单位直接负责的主管人员和其他直接责任人员依法给予处分。 有关行政监督部门不依法履行职责， 对违反招标投标法和本条例规定的行为不依法查处，或者不按照规定处理投诉、不依法公告对招标投标当事人违法行为的行 政处理决定的， 对直接负责的主管人员和其他直接责任人员依法给予处分。 项目审批、 核准部门和有关行政监督部门的工作人员徇私舞弊、滥用职权、玩忽职守，构成犯罪的，依法追究刑事责任。,招标投标法实施条例,法律责任规定,nan
235,中华人民共和国招标投标法实施条例,第八十条,国家工作人员利用职务便利，以直接或者间接、明示或者暗示等任何方式非法干涉招标投标活动， 有下列情形之一的，依法给予记过或者记大过处分；情节严重的，依法给予降级或者撤职处分；情节特别严重的，依法给予开除处分；构成犯罪的，依法追究刑事责任： (一)要求对依法必须进行招标的项目不招标，或者要求对依 - 28 - 法应当公开招标的项目不公开招标； (二)要求评标委员会成员或者招标人以其指定的投标人作为中标候选人或者中标人，或者以其他方式非法干涉评标活动，影响中标结果； (三)以其他方式非法干涉招标投标活动。,国家工作人员,招标投标活动,nan
236,中华人民共和国招标投标法实施条例,第八十一条,依法必须进行招标的项目的招标投标活动违反招标投标法和本条例的规定，对中标结果造成实质性影响，且不能采取补救措施予以纠正的，招标、投标、中标无效，应当依法重新招标或者评标。,招标项目,法律责任及处理方式,nan
237,中华人民共和国招标投标法实施条例,第八十二条,招标投标协会按照依法制定的章程开展活动，加强行业自律和服务。,招标投标协会,行业自律服务规定,nan
238,中华人民共和国招标投标法实施条例,第八十三条,政府采购的法律、行政法规对政府采购货物、服务的招标投标另有规定的 ，从其规定。,招标投标法实施条例,政府采购的法律、行政法规对政府采购货物、服务的招标投标,nan
239,中华人民共和国招标投标法实施条例,第八十四条,本条例自 2012年2月1日起施行。,招标投标法实施条例,实施时间,nan
